Fuerza,Nivel,Intensidad_0_10,Descripción,Factores_Clave
Rivalidad entre Competidores,ALTA,8,"Competencia intensa de empresas internacionales como Embark y Wisdom Panel con recursos significativos","Empresas internacionales bien financiadas; Diferenciación limitada; Bajos costos de cambio; Mercado en crecimiento reduce intensidad parcialmente"
Amenaza de Nuevos Entrantes,MEDIA,6,"Barreras moderadas por inversión en tecnología y marca, pero el crecimiento del mercado atrae nuevos participantes","Inversión significativa en equipamiento; Ventajas tecnológicas de establecidos; Regulaciones SENASICA; Marketing D2C reduce barreras"
Poder de Proveedores,MEDIO-BAJO,4,"Mercado de proveedores fragmentado con múltiples alternativas reduce su poder de negociación","Proveedores fragmentados (Thermo Fisher, Illumina); Alternativas disponibles; Estandarización de tecnologías; Integración vertical posible"
Poder de Compradores,MEDIO-ALTO,7,"Sensibilidad al precio y bajos costos de cambio otorgan poder significativo a compradores","Alta sensibilidad al precio; Bajos costos de cambio; Servicio opcional; Transparencia por internet; Baja diferenciación percibida"
Amenaza de Sustitutos,MEDIA,6,"Existen alternativas tradicionales, pero las pruebas genéticas ofrecen valor único en prevención","Diagnóstico clínico tradicional; Evaluación fenotípica; Historial familiar; Seguros como alternativa; Tendencia hacia prevención"
